{"raw_data_columns":13,"_wandb":{"runtime":21},"_timestamp":1.750435441802489e+09,"_runtime":21.326177,"_step":0,"raw_data_rows":690}