{"_runtime":24.74759,"_step":0,"_wandb":{"runtime":25},"raw_data_rows":690,"raw_data_columns":13,"_timestamp":1.750434026383863e+09}