{"_timestamp":1.750418819539916e+09,"_runtime":21.962794,"_step":0,"_wandb":{"runtime":23},"raw_data_rows":690,"raw_data_columns":13}