{"_step":0,"raw_data_rows":690,"raw_data_columns":13,"_timestamp":1.750433904476618e+09,"_wandb":{"runtime":24},"_runtime":23.399204}