{"_wandb":{"runtime":1},"_step":1,"validation_report":{"path":"media/html/validation_report_0_6acdb94064364afb647f.html","_type":"html-file","sha256":"6acdb94064364afb647fc87129984883b55f478b779a24576326d2b8e1405c45","size":5288},"_timestamp":1.75045057941266e+09,"_runtime":1.335215,"validated_data_summary":{"ADAUSDT_price":{"min":0.2403,"25%":0.2912,"50%":0.35855000000000004,"75%":0.385325,"max":0.6675,"count":1500,"mean":0.3510868,"std":0.07947622574958878},"BNBUSDT_price":{"mean":275.36266666666666,"std":42.17516911029376,"min":205.1,"25%":238.575,"50%":286.8,"75%":312.65000000000003,"max":347.7,"count":1500},"XRPUSDT_price":{"std":0.09937341259009921,"min":0.3351,"25%":0.40995,"50%":0.48755,"75%":0.53245,"max":0.8199,"count":1500,"mean":0.4953661333333333},"ETHUSDT_price":{"mean":1777.95836,"std":214.15116389529354,"min":1195.06,"25%":1633.15,"50%":1800.26,"75%":1884.64,"max":2383.1,"count":1500},"SOLUSDT_price":{"max":123.15,"count":1500,"mean":27.704186666666665,"std":17.62527873175543,"min":9.8,"25%":20.2875,"50%":21.96,"75%":24.505},"ADAUSDT_funding_rate":{"std":9.750196374134838e-05,"min":-0.00070382,"25%":5.469e-05,"50%":0.0001,"75%":0.0001,"max":0.0007081,"count":1500,"mean":6.746442e-05},"BTCUSDT_price":{"count":1500,"mean":28095.795659999996,"std":5661.170448059178,"min":16526.19,"25%":24864.01,"50%":27416.315000000002,"75%":29850.8825,"max":44180.22},"ETHUSDT_funding_rate":{"25%":3.34875e-05,"50%":8.4375e-05,"75%":0.0001,"max":0.00071131,"count":1500,"mean":7.424283333333335e-05,"std":7.22759277251048e-05,"min":-0.00017498},"XRPUSDT_funding_rate":{"25%":3.759e-05,"50%":0.0001,"75%":0.0001,"max":0.00072184,"count":1500,"mean":6.996892000000002e-05,"std":0.0001064137461553447,"min":-0.00051373},"BNBUSDT_funding_rate":{"max":0.00056478,"count":1500,"mean":-8.989667333333333e-05,"std":0.0003173954274037742,"min":-0.00208684,"25%":-7.579249999999999e-05,"50%":0,"75%":0},"SOLUSDT_funding_rate":{"count":1500,"mean":3.585593333333345e-06,"std":0.0004799431297504365,"min":-0.00927078,"25%":-1.6329999999999998e-05,"50%":0.0001,"75%":0.0001,"max":0.00086297},"BTCUSDT_funding_rate":{"count":1500,"mean":7.123384e-05,"std":6.488489266476812e-05,"min":-0.00011006,"25%":3.039e-05,"50%":8.336e-05,"75%":0.0001,"max":0.0005517}},"validated_data_sample":{"_latest_artifact_path":"wandb-client-artifact://rlewbaukmibz4in8ypfluqcnlvmeknilx9vn8wscou2xh3gjqa9s5ubuvsb67532i0oc5fm464a4h3khm45sgz0fbfr700ftdlybx4k20krjsyy45tx3cjtqvrp16uw0:latest/validated_data_sample.table.json","_type":"table-file","nrows":20,"path":"media/table/validated_data_sample_1_a337167129bccfdff022.table.json","size":3160,"sha256":"a337167129bccfdff022d77111d2a829d7fc609d36c7b57716b8cbce32e4756f","log_mode":"IMMUTABLE","artifact_path":"wandb-client-artifact://k994i4486agtfddick2w4zwtivvphn8uf5o4sokd9hw8ixp6d53kau2td1rx0dfo8ak3h1l7nfvg51stj29r2iy70mnka4djwyprr8hz6yyrrmisb2jv42ik73a5u4kl/validated_data_sample.table.json","ncols":13}}