{"raw_data_columns":13,"_timestamp":1.750433711560585e+09,"_runtime":33.148622,"_step":0,"raw_data_rows":690,"_wandb":{"runtime":33}}