{"_timestamp":1.750441231434144e+09,"validated_data_summary":{"ETHUSDT_price":{"75%":1884.64,"max":2383.1,"count":1500,"mean":1777.95836,"std":214.15116389529354,"min":1195.06,"25%":1633.15,"50%":1800.26},"ADAUSDT_price":{"75%":0.385325,"max":0.6675,"count":1500,"mean":0.3510868,"std":0.07947622574958878,"min":0.2403,"25%":0.2912,"50%":0.35855000000000004},"XRPUSDT_funding_rate":{"75%":0.0001,"max":0.00072184,"count":1500,"mean":6.996892000000002e-05,"std":0.0001064137461553447,"min":-0.00051373,"25%":3.759e-05,"50%":0.0001},"SOLUSDT_price":{"count":1500,"mean":27.704186666666665,"std":17.62527873175543,"min":9.8,"25%":20.2875,"50%":21.96,"75%":24.505,"max":123.15},"SOLUSDT_funding_rate":{"mean":3.585593333333345e-06,"std":0.0004799431297504365,"min":-0.00927078,"25%":-1.6329999999999998e-05,"50%":0.0001,"75%":0.0001,"max":0.00086297,"count":1500},"BTCUSDT_price":{"count":1500,"mean":28095.795659999996,"std":5661.170448059178,"min":16526.19,"25%":24864.01,"50%":27416.315000000002,"75%":29850.8825,"max":44180.22},"BNBUSDT_price":{"75%":312.65000000000003,"max":347.7,"count":1500,"mean":275.36266666666666,"std":42.17516911029376,"min":205.1,"25%":238.575,"50%":286.8},"ETHUSDT_funding_rate":{"50%":8.4375e-05,"75%":0.0001,"max":0.00071131,"count":1500,"mean":7.424283333333335e-05,"std":7.22759277251048e-05,"min":-0.00017498,"25%":3.34875e-05},"XRPUSDT_price":{"75%":0.53245,"max":0.8199,"count":1500,"mean":0.4953661333333333,"std":0.09937341259009921,"min":0.3351,"25%":0.40995,"50%":0.48755},"ADAUSDT_funding_rate":{"max":0.0007081,"count":1500,"mean":6.746442e-05,"std":9.750196374134838e-05,"min":-0.00070382,"25%":5.469e-05,"50%":0.0001,"75%":0.0001},"BNBUSDT_funding_rate":{"mean":-8.989667333333333e-05,"std":0.0003173954274037742,"min":-0.00208684,"25%":-7.579249999999999e-05,"50%":0,"75%":0,"max":0.00056478,"count":1500},"BTCUSDT_funding_rate":{"50%":8.336e-05,"75%":0.0001,"max":0.0005517,"count":1500,"mean":7.123384e-05,"std":6.488489266476812e-05,"min":-0.00011006,"25%":3.039e-05}},"validated_data_sample":{"_type":"table-file","artifact_path":"wandb-client-artifact://9m7bon3qxenz3p2zj6sbkpn6ok8rcr89i0eqbluvjza8j79buxkzs3mhjbjsrl97sxhdqn6gt3b7npu7jcltxmxefvkcbl4vdfl2r17fg0d78yh10aj6zbwuhy24o1ck/validated_data_sample.table.json","sha256":"a337167129bccfdff022d77111d2a829d7fc609d36c7b57716b8cbce32e4756f","path":"media/table/validated_data_sample_1_a337167129bccfdff022.table.json","ncols":13,"_latest_artifact_path":"wandb-client-artifact://x2ghbylobporckteowrruzsoxk2bdtijh7jts8hvmtjqqebra67ioour70a4pa558l6s3pgcpktogwodix3zp0f88munxkskn6qdjcbiw3gj8uzt8wr8ct5er8c6yc7w:latest/validated_data_sample.table.json","log_mode":"IMMUTABLE","nrows":20,"size":3160},"_wandb":{"runtime":1},"_runtime":1.2080440000000001,"_step":1,"validation_report":{"sha256":"845135a0b4de5f8fd1fb645fbb01753040cad1985134edaeceafc9f379136ee5","size":2711,"path":"media/html/validation_report_0_845135a0b4de5f8fd1fb.html","_type":"html-file"}}