{"raw_data_columns":13,"_timestamp":1.7504334258607008e+09,"_runtime":22.219483,"_step":0,"_wandb":{"runtime":23},"raw_data_rows":690}