{"_step":1,"validation_report":{"_type":"html-file","sha256":"ea9bb8c4ffd0c72e7feae6c8b71d46c4c734d9e2d95febcbd16a4c04e9a1ac4d","size":4263,"path":"media/html/validation_report_0_ea9bb8c4ffd0c72e7fea.html"},"validated_data_sample":{"_latest_artifact_path":"wandb-client-artifact://qol8ai40a72o6js5gkx64c6dwd5ce2o2p6dexfnv4o98bf3fmops0al520fmznczzu1u82kz40xxauq4lwp5c6h5bs431y7b923mi9ffiqwon61aogzu34rf2oawu7nh:latest/validated_data_sample.table.json","log_mode":"IMMUTABLE","nrows":20,"_type":"table-file","path":"media/table/validated_data_sample_1_a337167129bccfdff022.table.json","artifact_path":"wandb-client-artifact://fxtsgg72kdudthqgdkccm9km6y2goevbigmc4jzgi1hkpg5sm90u3b5cxs40t7oj3hln9ir1r63m77rvnekofg2blex9e70xemihthw59bthdzd9dh7r8ifkt4u7irrq/validated_data_sample.table.json","ncols":13,"sha256":"a337167129bccfdff022d77111d2a829d7fc609d36c7b57716b8cbce32e4756f","size":3160},"validated_data_summary":{"BTCUSDT_funding_rate":{"max":0.0005517,"count":1500,"mean":7.123384e-05,"std":6.488489266476812e-05,"min":-0.00011006,"25%":3.039e-05,"50%":8.336e-05,"75%":0.0001},"BNBUSDT_funding_rate":{"75%":0,"max":0.00056478,"count":1500,"mean":-8.989667333333333e-05,"std":0.0003173954274037742,"min":-0.00208684,"25%":-7.579249999999999e-05,"50%":0},"XRPUSDT_price":{"count":1500,"mean":0.4953661333333333,"std":0.09937341259009921,"min":0.3351,"25%":0.40995,"50%":0.48755,"75%":0.53245,"max":0.8199},"ETHUSDT_price":{"max":2383.1,"count":1500,"mean":1777.95836,"std":214.15116389529354,"min":1195.06,"25%":1633.15,"50%":1800.26,"75%":1884.64},"SOLUSDT_funding_rate":{"count":1500,"mean":3.585593333333345e-06,"std":0.0004799431297504365,"min":-0.00927078,"25%":-1.6329999999999998e-05,"50%":0.0001,"75%":0.0001,"max":0.00086297},"SOLUSDT_price":{"50%":21.96,"75%":24.505,"max":123.15,"count":1500,"mean":27.704186666666665,"std":17.62527873175543,"min":9.8,"25%":20.2875},"ADAUSDT_price":{"std":0.07947622574958878,"min":0.2403,"25%":0.2912,"50%":0.35855000000000004,"75%":0.385325,"max":0.6675,"count":1500,"mean":0.3510868},"BNBUSDT_price":{"min":205.1,"25%":238.575,"50%":286.8,"75%":312.65000000000003,"max":347.7,"count":1500,"mean":275.36266666666666,"std":42.17516911029376},"BTCUSDT_price":{"count":1500,"mean":28095.795659999996,"std":5661.170448059178,"min":16526.19,"25%":24864.01,"50%":27416.315000000002,"75%":29850.8825,"max":44180.22},"XRPUSDT_funding_rate":{"count":1500,"mean":6.996892000000002e-05,"std":0.0001064137461553447,"min":-0.00051373,"25%":3.759e-05,"50%":0.0001,"75%":0.0001,"max":0.00072184},"ETHUSDT_funding_rate":{"mean":7.424283333333335e-05,"std":7.22759277251048e-05,"min":-0.00017498,"25%":3.34875e-05,"50%":8.4375e-05,"75%":0.0001,"max":0.00071131,"count":1500},"ADAUSDT_funding_rate":{"min":-0.00070382,"25%":5.469e-05,"50%":0.0001,"75%":0.0001,"max":0.0007081,"count":1500,"mean":6.746442e-05,"std":9.750196374134838e-05}},"_wandb":{"runtime":1},"_timestamp":1.7504409858541381e+09,"_runtime":1.130698}