{"raw_data_rows":690,"raw_data_columns":13,"_timestamp":1.750434776669573e+09,"_wandb":{"runtime":22},"_runtime":21.782661,"_step":0}