{"_timestamp":1.750421321228801e+09,"_runtime":1.3461509999999999,"_step":0,"_wandb":{"runtime":1},"status":"failed","error":"'BTCUSDT_price'"}