{"validation_report":{"path":"media/html/validation_report_0_6acdb94064364afb647f.html","_type":"html-file","sha256":"6acdb94064364afb647fc87129984883b55f478b779a24576326d2b8e1405c45","size":5288},"_timestamp":1.750451838747236e+09,"_runtime":1.228384,"validated_data_summary":{"XRPUSDT_price":{"mean":0.4953661333333333,"std":0.09937341259009921,"min":0.3351,"25%":0.40995,"50%":0.48755,"75%":0.53245,"max":0.8199,"count":1500},"BNBUSDT_price":{"25%":238.575,"50%":286.8,"75%":312.65000000000003,"max":347.7,"count":1500,"mean":275.36266666666666,"std":42.17516911029376,"min":205.1},"ADAUSDT_price":{"count":1500,"mean":0.3510868,"std":0.07947622574958878,"min":0.2403,"25%":0.2912,"50%":0.35855000000000004,"75%":0.385325,"max":0.6675},"XRPUSDT_funding_rate":{"std":0.0001064137461553447,"min":-0.00051373,"25%":3.759e-05,"50%":0.0001,"75%":0.0001,"max":0.00072184,"count":1500,"mean":6.996892000000002e-05},"BTCUSDT_funding_rate":{"mean":7.123384e-05,"std":6.488489266476812e-05,"min":-0.00011006,"25%":3.039e-05,"50%":8.336e-05,"75%":0.0001,"max":0.0005517,"count":1500},"BNBUSDT_funding_rate":{"min":-0.00208684,"25%":-7.579249999999999e-05,"50%":0,"75%":0,"max":0.00056478,"count":1500,"mean":-8.989667333333333e-05,"std":0.0003173954274037742},"SOLUSDT_price":{"std":17.62527873175543,"min":9.8,"25%":20.2875,"50%":21.96,"75%":24.505,"max":123.15,"count":1500,"mean":27.704186666666665},"SOLUSDT_funding_rate":{"std":0.0004799431297504365,"min":-0.00927078,"25%":-1.6329999999999998e-05,"50%":0.0001,"75%":0.0001,"max":0.00086297,"count":1500,"mean":3.585593333333345e-06},"ETHUSDT_funding_rate":{"50%":8.4375e-05,"75%":0.0001,"max":0.00071131,"count":1500,"mean":7.424283333333335e-05,"std":7.22759277251048e-05,"min":-0.00017498,"25%":3.34875e-05},"ADAUSDT_funding_rate":{"mean":6.746442e-05,"std":9.750196374134838e-05,"min":-0.00070382,"25%":5.469e-05,"50%":0.0001,"75%":0.0001,"max":0.0007081,"count":1500},"BTCUSDT_price":{"std":5661.170448059178,"min":16526.19,"25%":24864.01,"50%":27416.315000000002,"75%":29850.8825,"max":44180.22,"count":1500,"mean":28095.795659999996},"ETHUSDT_price":{"count":1500,"mean":1777.95836,"std":214.15116389529354,"min":1195.06,"25%":1633.15,"50%":1800.26,"75%":1884.64,"max":2383.1}},"validated_data_sample":{"log_mode":"IMMUTABLE","artifact_path":"wandb-client-artifact://sknrnxeac3us7m0mfey5i5uv6cuexvo8m99oehv9xw6eim03662j5ip23jvu8tvzpt41p2911b159a13optfy4ewvql419k666z1dee9cc71hhxodghej4f639ry89hc/validated_data_sample.table.json","sha256":"a337167129bccfdff022d77111d2a829d7fc609d36c7b57716b8cbce32e4756f","_latest_artifact_path":"wandb-client-artifact://jxng0r7mi01m8wz3k84uiscu4kaisrfk24fd9zzmy0gmm7y4z17mhdbuq5y3q3gyik0ns8rx2rwqfqki0lyiklbn5dnwl69rihgrmp3tsg2dt4saa8y1hv8uewv1gi2p:latest/validated_data_sample.table.json","path":"media/table/validated_data_sample_1_a337167129bccfdff022.table.json","_type":"table-file","nrows":20,"size":3160,"ncols":13},"_wandb":{"runtime":1},"_step":1}