{"_runtime":20.835895,"_step":0,"raw_data_rows":690,"raw_data_columns":13,"_timestamp":1.750418645719566e+09,"_wandb":{"runtime":21}}