{"_step":0,"raw_data_rows":690,"raw_data_columns":13,"_timestamp":1.750434109761656e+09,"_runtime":22.516046,"_wandb":{"runtime":23}}