{"_timestamp":1.750423272382022e+09,"_runtime":1.009843,"_step":0,"regression_train_rmse":1449.686788337935,"_wandb":{"runtime":1},"classification_train_roc_auc":0.5643675889328063}