{"_timestamp":1.750435671572803e+09,"summary_stats":{"BNBUSDT_price":{"min":205.1,"25%":218.45,"50%":240.4,"75%":253.25,"max":343.1,"count":690,"mean":247.17942028985505,"std":34.29931784026995},"XRPUSDT_price":{"75%":0.6199,"max":0.8177,"count":690,"mean":0.5447055072463769,"std":0.09521106961926336,"min":0.3368,"25%":0.48467499999999997,"50%":0.51805},"ADAUSDT_price":{"std":0.09949314261706782,"min":0.2403,"25%":0.2629,"50%":0.29985,"75%":0.37655,"max":0.6615,"count":690,"mean":0.3361805797101449},"SOLUSDT_price":{"count":690,"mean":32.54614492753623,"std":22.298327875554456,"min":9.8,"25%":19.855,"50%":22.775,"75%":32.612500000000004,"max":123.15},"BTCUSDT_price":{"75%":34183.01,"max":44180.22,"count":690,"mean":30365.8314057971,"std":6048.4847599371105,"min":16526.19,"25%":26494.8575,"50%":29055.5},"ETHUSDT_funding_rate":{"mean":7.774152173913044e-05,"std":8.694939069587214e-05,"min":-0.00017498,"25%":2.8785e-05,"50%":7.8165e-05,"75%":0.0001,"max":0.00071131,"count":690},"BNBUSDT_funding_rate":{"std":0.0002591939812010004,"min":-0.00197057,"25%":0,"50%":0,"75%":3.0835e-05,"max":0.00056478,"count":690,"mean":-4.65337536231884e-05},"XRPUSDT_funding_rate":{"max":0.00072184,"count":690,"mean":8.43098115942029e-05,"std":0.00011541685229516322,"min":-0.00035938,"25%":3.94925e-05,"50%":0.0001,"75%":0.0001},"ADAUSDT_funding_rate":{"75%":0.0001,"max":0.0007081,"count":690,"mean":6.205088405797103e-05,"std":0.0001189202737720586,"min":-0.00070382,"25%":2.3705e-05,"50%":0.0001},"SOLUSDT_funding_rate":{"max":0.00086297,"count":690,"mean":2.273571014492754e-05,"std":0.0003788009193942978,"min":-0.00820119,"25%":-2.8905000000000002e-05,"50%":8.6875e-05,"75%":0.0001},"BTCUSDT_funding_rate":{"std":7.274443144103265e-05,"min":-0.00011006,"25%":2.6965e-05,"50%":8.468e-05,"75%":0.0001,"max":0.00050152,"count":690,"mean":7.335810144927537e-05},"ETHUSDT_price":{"max":2383.1,"count":690,"mean":1825.9864057971017,"std":225.64431546318878,"min":1195.06,"25%":1643.7425,"50%":1831.95,"75%":1917.44}},"sample_rows":{"artifact_path":"wandb-client-artifact://cr097riwge4fs5gmzp1g3281ubq5x8u3usic6wrw3qlhly6h0tzb1cgxzaiv92qsfglbtjpsil14u1eheztdllx92fa9ydsr8565uv4an1myrg69yik6hdof4rmvk6vy/sample_rows.table.json","path":"media/table/sample_rows_summary_aa5aa252bc38db1da7f3.table.json","nrows":20,"_type":"table-file","sha256":"aa5aa252bc38db1da7f386cf0eae451e4dc1813ae5047cf462ea7ca9a0fe707f","size":2827,"_latest_artifact_path":"wandb-client-artifact://z6m2b981ythwk7olfcwel1ml136xadyxxdawhum2dlal7ew88xo6qpf7iv38dnnfwx745uda2e6gehzdyo7jcmt3k0yok1mmy30ijc6r11k71yb1lf25m7ph95e0jfcu:latest/sample_rows.table.json","ncols":13,"log_mode":"IMMUTABLE"},"_wandb":{"runtime":22},"_runtime":22.199252,"_step":0,"raw_data_rows":690,"raw_data_columns":13}