{"_step":0,"_wandb":{"runtime":20},"raw_data_rows":690,"raw_data_columns":13,"_timestamp":1.7504206339024892e+09,"_runtime":20.754512}