{"raw_data_rows":690,"raw_data_columns":13,"_timestamp":1.750433457991019e+09,"_runtime":21.978356,"_step":0,"_wandb":{"runtime":22}}