{"raw_data_columns":13,"_timestamp":1.750435961120882e+09,"_runtime":22.384835,"_step":0,"summary_stats":{"BNBUSDT_funding_rate":{"75%":3.0835e-05,"max":0.00056478,"count":690,"mean":-4.65337536231884e-05,"std":0.0002591939812010004,"min":-0.00197057,"25%":0,"50%":0},"SOLUSDT_funding_rate":{"50%":8.6875e-05,"75%":0.0001,"max":0.00086297,"count":690,"mean":2.273571014492754e-05,"std":0.0003788009193942978,"min":-0.00820119,"25%":-2.8905000000000002e-05},"BTCUSDT_funding_rate":{"75%":0.0001,"max":0.00050152,"count":690,"mean":7.335810144927537e-05,"std":7.274443144103265e-05,"min":-0.00011006,"25%":2.6965e-05,"50%":8.468e-05},"ETHUSDT_price":{"50%":1831.95,"75%":1917.44,"max":2383.1,"count":690,"mean":1825.9864057971017,"std":225.64431546318878,"min":1195.06,"25%":1643.7425},"SOLUSDT_price":{"25%":19.855,"50%":22.775,"75%":32.612500000000004,"max":123.15,"count":690,"mean":32.54614492753623,"std":22.298327875554456,"min":9.8},"XRPUSDT_funding_rate":{"max":0.00072184,"count":690,"mean":8.43098115942029e-05,"std":0.00011541685229516322,"min":-0.00035938,"25%":3.94925e-05,"50%":0.0001,"75%":0.0001},"ADAUSDT_funding_rate":{"max":0.0007081,"count":690,"mean":6.205088405797103e-05,"std":0.0001189202737720586,"min":-0.00070382,"25%":2.3705e-05,"50%":0.0001,"75%":0.0001},"BNBUSDT_price":{"mean":247.17942028985505,"std":34.29931784026995,"min":205.1,"25%":218.45,"50%":240.4,"75%":253.25,"max":343.1,"count":690},"XRPUSDT_price":{"max":0.8177,"count":690,"mean":0.5447055072463769,"std":0.09521106961926336,"min":0.3368,"25%":0.48467499999999997,"50%":0.51805,"75%":0.6199},"ADAUSDT_price":{"count":690,"mean":0.3361805797101449,"std":0.09949314261706782,"min":0.2403,"25%":0.2629,"50%":0.29985,"75%":0.37655,"max":0.6615},"BTCUSDT_price":{"50%":29055.5,"75%":34183.01,"max":44180.22,"count":690,"mean":30365.8314057971,"std":6048.4847599371105,"min":16526.19,"25%":26494.8575},"ETHUSDT_funding_rate":{"mean":7.774152173913044e-05,"std":8.694939069587214e-05,"min":-0.00017498,"25%":2.8785e-05,"50%":7.8165e-05,"75%":0.0001,"max":0.00071131,"count":690}},"sample_rows":{"sha256":"aa5aa252bc38db1da7f386cf0eae451e4dc1813ae5047cf462ea7ca9a0fe707f","size":2827,"artifact_path":"wandb-client-artifact://dzmrul3p0ocrm2qmdaqh7gnw8a63cap5o7aug59n80v9tr4feb0sguxyikmsn3mx8sk89vjpootb1xl8kbmclprpo0ihhrp2j8b6q1tzyh92c58ch5ddgvy7om7iem4b/sample_rows.table.json","_latest_artifact_path":"wandb-client-artifact://rirqt5ggcu0fijxy3zgtabrl06xyiuuni989jw10kso4gsg1myi8w2bg3vu97c688aj40q7ezljvt44i3rbesah2qw4lolgv56877pffmp0atl8ind8bv0pjq39l1nq9:latest/sample_rows.table.json","ncols":13,"nrows":20,"_type":"table-file","path":"media/table/sample_rows_summary_aa5aa252bc38db1da7f3.table.json","log_mode":"IMMUTABLE"},"_wandb":{"runtime":22},"raw_data_rows":690}