{"_timestamp":1.750418769334659e+09,"_runtime":20.740637,"_step":0,"raw_data_rows":690,"_wandb":{"runtime":20},"raw_data_columns":13}