{"_wandb":{"runtime":20},"raw_data_rows":690,"raw_data_columns":13,"_timestamp":1.750422239217856e+09,"_runtime":20.551938,"_step":0}