{
  "linear_regression": {
    "RMSE": 1602.3719049378064
  },
  "logistic_regression": {
    "Accuracy": 0.43478260869565216,
    "F1 Score": 0.5714285714285714,
    "ROC AUC": 0.5228491739969963,
    "Confusion Matrix": [
      [
        8,
        71
      ],
      [
        7,
        52
      ]
    ],
    "Classification Report": {
      "0": {
        "precision": 0.5333333333333333,
        "recall": 0.10126582278481013,
        "f1-score": 0.1702127659574468,
        "support": 79.0
      },
      "1": {
        "precision": 0.42276422764227645,
        "recall": 0.8813559322033898,
        "f1-score": 0.5714285714285714,
        "support": 59.0
      },
      "accuracy": 0.43478260869565216,
      "macro avg": {
        "precision": 0.47804878048780486,
        "recall": 0.49131087749409996,
        "f1-score": 0.3708206686930091,
        "support": 138.0
      },
      "weighted avg": {
        "precision": 0.4860610345233887,
        "recall": 0.43478260869565216,
        "f1-score": 0.34174705960089863,
        "support": 138.0
      }
    }
  }
}